<!--
  ~ /*
  #  * Copyright (C) 2015  Skymind,Inc.
  ~  * Copyright (C) 2016  Databiz s.r.l.
  ~  *
  ~  * This program is free software: you can redistribute it and/or modify
  ~  *  it under the terms of the GNU General Public License as published by
  ~  *  the Free Software Foundation, either version 3 of the License, or
  ~  *  (at your option) any later version.
  ~  *
  ~  *  This program is distributed in the hope that it will be useful,
  ~  *  but WITHOUT ANY WARRANTY; without even the implied warranty of
  ~  *  MERCHANTABILITY or FITNESS FOR A PARTICULAR PURPOSE.  See the
  ~  *  GNU General Public License for more details.
  ~  *
  ~  *  You should have received a copy of the GNU General Public License
  ~  *  along with this program.  If not, see <http://www.gnu.org/licenses/>.
  ~  */
  -->

<configuration>

    <appender name="FILE" class="ch.qos.logback.core.FileAppender">
        <file>logs/application.log</file>
        <encoder>
            <pattern>%date - [%level] - from %logger in %thread
                %n%message%n%xException%n</pattern>
        </encoder>
    </appender>

    <appender name="STDOUT" class="ch.qos.logback.core.ConsoleAppender">
        <encoder>
            <pattern> %logger{15} - %message%n%xException{5}
            </pattern>
        </encoder>
    </appender>

    <logger name="org.apache.catalina.core" level="DEBUG" />
    <logger name="org.springframework" level="DEBUG" />
    <logger name="org.deeplearning4j" level="DEBUG" />
    <logger name="org.nd4j" level="DEBUG" />
    <logger name="org.eclipse.jetty" level="INFO" />

    <logger name="opennlp.uima.util" level="OFF" />
    <logger name="org.apache.uima" level="OFF" />
    <logger name="org.cleartk" level="OFF" />

    <root level="ERROR">
        <appender-ref ref="STDOUT" />
        <appender-ref ref="FILE" />
    </root>

</configuration>